username,password,firstname,surname,bio,email,website
maria,1111,Maria,Smith,Maria's Bio,maria1234@lememe.com,www.maria1234.com
john,1111,John,McDonald,John's Bio,john1234@lememe.com,www.john1234.com
mark,1111,Mark,Dickson,Mark's Bio,mark1234@lememe.com,www.mark1234.com
lilly,1111,Lilly,Browning,Lilly's Bio,lilly1234@lememe.com,www.lilly1234.com
ross,1111,Ross,Benson,Ross's Bio,ross1234@lememe.com,www.ross1234.com
ryan,1111,Ryan,Copeland,Ryan's Bio,ryan1234@lememe.com,www.ryan1234.com
lola,1111,Lola,Hopkins,Lola's Bio,lola1234@lememe.com,www.lola1234.com
greg,1111,Greg,Carroll,Greg's Bio,greg1234@lememe.com,www.greg1234.com
shawn,1111,Shawn,Lynn,Shawn's Bio,shawn1234@lememe.com,www.shawn1234.com
brenda,1111,Brenda,Mcguire,Brenda's Bio,brenda1234@lememe.com,www.brenda1234.com
matt,1111,Matt,Sherman,Matt's Bio,matt1234@lememe.com,www.matt1234.com
rosa,1111,Rosa,Diaz,Rosa's Bio,rosa1234@lememe.com,www.rosa1234.com
jenny,1111,Jenny,Oliver,Jenny's Bio,jenny1234@lememe.com,www.jenny1234.com
